"hgvs_expressions","gene.clinical","OUTPUT1"
"NM_007313.2:c.1001C>T,NP_005148.2:p.Thr315Ile,ENST00000372348.2:c.1001C>T,NC_000009.11:g.133748283C>T","ABL1",""
"NC_000009.11:g.133738363G>A,NM_005157.5:c.763G>A,NP_005148.2:p.Glu255Lys,ENST00000318560.5:c.763G>A","ABL1","ABL1~c.763G>A"
"NC_000014.8:g.105246551C>T,NM_001014432.1:c.49G>A,NP_001014432.1:p.Glu17Lys,ENST00000407796.2:c.49G>A","AKT1","AKT1~c.49G>A"
"ENST00000389048.3:c.3467G>A,NC_000002.11:g.29445258C>T,NM_004304.4:c.3467G>A,NP_004295.2:p.Cys1156Tyr","ALK",""
"ENST00000389048.3:c.3586C>A,NC_000002.11:g.29443631G>T,NM_004304.4:c.3586C>A,NP_004295.2:p.Leu1196Met","ALK",""
"NM_004304.4:c.3522C>A,NP_004295.2:p.Phe1174Leu,NC_000002.11:g.29443695G>T,ENST00000389048.3:c.3522C>A","ALK","ALK~c.3522C>A"
"NM_004304.4:c.3824G>A,NP_004295.2:p.Arg1275Gln,NC_000002.11:g.29432664C>T,ENST00000389048.3:c.3824G>A","ALK","ALK~c.3824G>A"
"NC_000023.10:g.47426121C>G,NM_001654.4:c.641C>G,NP_001645.1:p.Ser214Cys,ENST00000377045.4:c.641C>G","ARAF","ARAF~c.641C>G"
"NC_000007.13:g.140453135_140453136delinsAT,NM_004333.4:c.1799_1800delTGinsAT,NP_004324.2:p.Val600Asp,ENST00000288602.6:c.1799_1800delTGinsAT","BRAF","BRAF~c.1799_1800delTGinsAT"
"NM_004333.4:c.1799T>A,NP_004324.2:p.Val600Glu,NC_000007.13:g.140453136A>T,ENST00000288602.6:c.1799T>A","BRAF","BRAF~c.1799T>A"
"NC_000007.13:g.55259515T>G,NM_005228.4:c.2573T>G,ENST00000275493.2:c.2573T>G,NP_005219.2:p.Leu858Arg","EGFR",""
"ENST00000275493.2:c.2369C>T,NM_005228.4:c.2369C>T,NP_005219.2:p.Thr790Met,NC_000007.13:g.55249071C>T","EGFR",""
"NM_001289937.1:c.2305G>C,NP_001276866.1:p.Asp769His,ENST00000269571.5:c.2305G>C,NC_000017.10:g.37880261G>C","ERBB2",""
"ENST00000269571.5:c.2305G>T,NC_000017.10:g.37880261G>T,NM_004448.3:c.2305G>T,NP_004439.2:p.Asp769Tyr","ERBB2",""
"ENST00000269571.5:c.2263_2277del,NC_000017.10:g.37880219_37880233del,NP_004439.2:p.Leu755_Thr759del,NM_004448.3:c.2263_2277delTTGAGGGAAAACACA","ERBB2","ERBB2~c.2263_2277delTTGAGGGAAAACACA"
"ENST00000269571.5:c.926G>C,NC_000017.10:g.37868205G>C,NM_004448.3:c.926G>C,NP_004439.2:p.Gly309Ala","ERBB2",""
"ENST00000269571.5:c.2264T>C,NC_000017.10:g.37880220T>C,NM_004448.3:c.2264T>C,NP_004439.2:p.Leu755Ser","ERBB2",""
"ENST00000269571.5:c.2264T>G,NC_000017.10:g.37880220T>G,NM_004448.3:c.2264T>G,NP_004439.2:p.Leu755Trp","ERBB2",""
"ENST00000269571.5:c.2340_2341insGGCTCCCCA,NC_000017.10:g.37881011_37881012insGGCTCCCCA","ERBB2",""
"ENST00000269571.5:c.2033G>A,NC_000017.10:g.37879658G>A,NM_004448.3:c.2033G>A,NP_004439.2:p.Arg678Gln","ERBB2",""
"ENST00000269571.5:c.2686C>T,NC_000017.10:g.37881616C>T,NM_004448.3:c.2686C>T,NP_004439.2:p.Arg896Cys","ERBB2",""
"NM_004448.3:c.2329G>T,NP_004439.2:p.Val777Leu,ENST00000269571.5:c.2329G>T,NC_000017.10:g.37881000G>T","ERBB2",""
"ENST00000269571.5:c.2524G>A,NM_004448.3:c.2524G>A,NP_004439.2:p.Val842Ile,NC_000017.10:g.37881332G>A","ERBB2",""
"NC_000006.11:g.152419920_152419921delinsAG","ESR1",""
"ENST00000206249.3:c.1613A>G,NC_000006.11:g.152419926A>G","ESR1",""
"ENST00000206249.3:c.1610A>G,NC_000006.11:g.152419923A>G","ESR1",""
"ENST00000206249.3:c.1609T>A,NC_000006.11:g.152419922T>A","ESR1",""
"ENST00000206249.3:c.1610A>C,NC_000006.11:g.152419923A>C","ESR1",""
"NC_000013.10:g.28592642C>A","FLT3",""
"NM_005896.3:c.394C>T,NP_005887.2:p.Arg132Cys,NC_000002.11:g.209113113G>A,ENST00000415913.1:c.394C>T","IDH1","IDH1~c.394C>T"
"NC_000009.11:g.5073770G>T,NM_004972.3:c.1849G>T,NP_004963.1:p.Val617Phe,ENST00000381652.3:c.1849G>T","JAK2","JAK2~c.1849G>T"
"NM_000222.2:c.2447A>T,NP_000213.1:p.Asp816Val,ENST00000288135.5:c.2447A>T,NC_000004.11:g.55599321A>T","KIT",""
"NM_000222.2:c.1727T>C,NP_000213.1:p.Leu576Pro,ENST00000288135.5:c.1727T>C,NC_000004.11:g.55593661T>C","KIT",""
"NM_000222.2:c.1961T>C,NP_000213.1:p.Val654Ala,ENST00000288135.5:c.1961T>C,NC_000004.11:g.55594258T>C","KIT",""
"NM_004985.4:c.34G>T,NP_004976.2:p.Gly12Cys,NC_000012.11:g.25398285C>A,ENST00000256078.4:c.34G>T","KRAS","KRAS~c.34G>T"
"NM_004985.4:c.35G>A,NP_004976.2:p.Gly12Asp,NC_000012.11:g.25398284C>T,ENST00000256078.4:c.35G>A","KRAS","KRAS~c.35G>A"
"NM_033360.3:c.38G>A,NP_004976.2:p.Gly13Asp,NC_000012.11:g.25398281C>T,ENST00000256078.4:c.38G>A","KRAS","KRAS~c.38G>A"
"ENST00000307102.5:c.370C>T,NC_000015.9:g.66729162C>T,NM_002755.3:c.370C>T,NP_002746.1:p.Pro124Ser","MAP2K1",""
"ENST00000307102.5:c.167A>C,NC_000015.9:g.66727451A>C,NM_002755.3:c.167A>C,NP_002746.1:p.Gln56Pro","MAP2K1",""
"NM_002520.6:c.860_863dupTCTG,NC_000005.9:g.170837544_170837547dupTCTG,NP_002511.1:p.Trp288Cysfs,ENST00000517671.1c.860_863dupTCTG","NPM1","NPM1~p.Trp288Cysfs"
"NM_002524.4:c.38G>A,NP_002515.1:p.Gly13Asp,NC_000001.10:g.115258744C>T,ENST00000369535.4:c.38G>A","NRAS","NRAS~c.38G>A"
"NP_002515.1:p.Gln61Leu,NC_000001.10:g.115256529T>A,NM_002524.4:c.182A>T,ENST00000369535.4:c.182A>T","NRAS","NRAS~c.182A>T"
"NM_002524.4:c.182A>G,NP_002515.1:p.Gln61Arg,NC_000001.10:g.115256529T>C,ENST00000369535.4:c.182A>G","NRAS","NRAS~c.182A>G"
"ENST00000257290.5:c.2524_2525delinsAT,NC_000004.11:g.55152092_55152093delinsAT,NP_006197.1:p.Asp842Ile,NM_006206.5:c.2524_2525delGAinsAT","PDGFRA","PDGFRA~c.2524_2525delGAinsAT"
"NM_006206.4:c.2525A>T,NP_006197.1:p.Asp842Val,ENST00000257290.5:c.2525A>T,NC_000004.11:g.55152093A>T","PDGFRA",""
"ENST00000257290.5:c.2524G>T,NC_000004.11:g.55152092G>T,NM_006206.5:c.2524G>T,NP_006197.1:p.Asp842Tyr","PDGFRA",""
"ENST00000257290.5:c.2527_2529delATC,NC_000004.11:g.55152095_55152097del","PDGFRA",""
"NC_000004.11:g.55152093_55152097delinsTCATG","PDGFRA",""
"NM_006218.3:c.1624G>A,NP_006209.2:p.Glu542Lys,ENST00000263967.3:c.1624G>A,NC_000003.11:g.178936082G>A","PIK3CA",""
"NM_006218.3:c.1633G>A,NP_006209.2:p.Glu545Lys,ENST00000263967.3:c.1633G>A,NC_000003.11:g.178936091G>A","PIK3CA",""
"NM_006218.3:c.3140A>G,NP_006209.2:p.His1047Arg,ENST00000263967.3:c.3140A>G,NC_000003.11:g.178952085A>G","PIK3CA",""
"NM_000314.6:c.697C>T,NP_000305.3:p.Arg233Ter,ENST00000371953.3:c.697C>T,NC_000010.10:g.89717672C>T","PTEN",""
"NM_020975.4:c.1902C>G,NP_065681.1:p.Cys634Trp,ENST00000355710.3:c.1902C>G,NC_000010.10:g.43609950C>G","RET",""
"NM_020975.4:c.2753T>C,NP_065681.1:p.Met918Thr,ENST00000355710.3:c.2753T>C,NC_000010.10:g.43617416T>C","RET",""
"NM_012433.3:c.1998G>T,NP_036565.2:p.Lys666Asn,ENST00000335508.6:c.1998G>T,NC_000002.11:g.198267359C>A","SF3B1",""
"NM_000546.5:c.524G>A,NP_000537.3:p.Arg175His,NC_000017.10:g.7578406C>T","TP53",""
"NM_000546.5:c.743G>A,NP_000537.3:p.Arg248Gln,NC_000017.10:g.7577538C>T,ENST00000269305.4:c.743G>A","TP53","TP53~c.743G>A"
"NM_000546.5:c.742C>T,NP_000537.3:p.Arg248Trp,NC_000017.10:g.7577539G>A","TP53",""
"NC_000017.10:g.7577535C>G","TP53",""
"NM_000546.5:c.817C>T,NP_000537.3:p.Arg273Cys,NC_000017.10:g.7577121G>A","TP53",""
"NM_000546.5:c.818G>A,NP_000537.3:p.Arg273His,NC_000017.10:g.7577120C>T","TP53",""
"ENST00000275493.2:c.2185_2283del","EGFR","EGFR~c.2185_2283del"
"ENST00000275493.2:c.2155G>A,NC_000007.13:g.55241707G>A,NM_005228.4:c.2155G>A,NP_005219.2:p.Gly719Ser","EGFR",""
"NM_006182.2:c.187C>G,NP_006173.2:p.Leu63Val,ENST00000367922.3:c.187C>G,NC_000001.10:g.162724415C>G","DDR2",""
"ENST00000367922.3:c.716T>G,NC_000001.10:g.162729630T>G","DDR2",""
"ENST00000367922.3:c.757G>T,NC_000001.10:g.162729671G>T","DDR2",""
"NM_006182.2:c.1513G>A,NP_006173.2:p.Gly505Ser,ENST00000367922.3:c.1513G>A,NC_000001.10:g.162741822G>A","DDR2",""
"ENST00000367922.3:c.1912A>T,NC_000001.10:g.162745497A>T","DDR2",""
"ENST00000367922.3:c.2321G>T,NC_000001.10:g.162748407G>T","DDR2",""
"ENST00000367922.3:c.2304T>A,NC_000001.10:g.162748390T>A","DDR2",""
"NM_004985.4:c.35G>C,NP_004976.2:p.Gly12Ala,NC_000012.11:g.25398284C>G,ENST00000256078.4:c.35G>C","KRAS","KRAS~c.35G>C"
"ENST00000308731.7:c.1441T>A,NC_000023.10:g.100611165A>T,NM_000061.2:c.1441T>A,NP_000052.1:p.Cys481Ser","BTK",""
"NC_000014.8:g.105243048G>T,NM_001014432.1:c.235C>A,NP_001014432.1:p.Gln79Lys,ENST00000407796.2:c.235C>A","AKT1","AKT1~c.235C>A"
"ENST00000389048.3:c.3604G>A,NC_000002.11:g.29443613C>T,NM_004304.4:c.3604G>A,NP_004295.2:p.Gly1202Arg","ALK",""
"ENST00000389048.3:c.3617C>A,NC_000002.11:g.29443600G>T,NM_004304.4:c.3617C>A,NP_004295.2:p.Ser1206Tyr","ALK",""
"NC_000002.11:g.29445271_29445272insCGT","ALK",""
"ENST00000374690.3:c.2629T>C,NC_000023.10:g.66943549T>C,NM_000044.4:c.2629T>C,NP_000035.2:p.Phe877Leu","AR",""
"NM_000222.2:c.1621A>C,NP_000213.1:p.Met541Leu,ENST00000288135.5:c.1621A>C,NC_000004.11:g.55593464A>C","KIT",""
"NC_000004.11:g.55593612_55593614del","KIT",""
"NC_000010.10:g.104852955C>T","NT5C2",""
"NC_000010.10:g.104852980T>G,NM_012229.4:c.1075A>C,NP_036361.1:p.Lys359Gln,ENST00000343289.5:c.1075A>C","NT5C2","NT5C2~c.1075A>C"
"NC_000010.10:g.104850745T>G,NM_012229.4:c.1220A>C,NP_036361.1:p.Asp407Ala,ENST00000343289.5:c.1220A>C","NT5C2","NT5C2~c.1220A>C"
"NC_000009.11:g.133748288T>C,NP_005148.2:p.Phe317Leu,NM_005157.5:c.949T>C,ENST00000318560.5:c.949T>C","ABL1","ABL1~c.949T>C"
"NC_000011.9:g.534285C>T,NP_005334.1:p.Gly13Asp,NM_005343.3:c.38G>A,ENST00000451590.1:c.38G>A","HRAS","HRAS~c.38G>A"
"ENST00000361445.4:c.5902C>T,NC_000001.10:g.11188519G>A,NM_004958.3:c.5902C>T,NP_004949.1:p.His1968Tyr","MTOR",""
"ENST00000361445.4:c.6637C>T,NC_000001.10:g.11184580G>A,NM_004958.3:c.6637C>T,NP_004949.1:p.Pro2213Ser","MTOR",""
"NM_004333.4:c.1790T>G,NP_004324.2:p.Leu597Arg,NC_000007.13:g.140453145A>C,ENST00000288602.6:c.1790T>G","BRAF","BRAF~c.1790T>G"
"ENST00000263967.3:c.1412C>T,NC_000003.11:g.178928226C>T,NM_006218.3:c.1412C>T,NP_006209.2:p.Pro471Leu","PIK3CA",""
"NM_005631.4:c.1417G>A,NP_005622.1:p.Asp473His,ENST00000249373.3:c.1417G>A,NC_000007.13:g.128849189G>C","SMO",""
"ENST00000389048.3:c.3455T>G,NC_000002.11:g.29445270A>C,NM_004304.4:c.3455T>G,NP_004295.2:p.Leu1152Arg","ALK",""
"ENST00000389048.3:c.3806G>C,NC_000002.11:g.29432682C>G,NM_004304.4:c.3806G>C,NP_004295.2:p.Gly1269Ala","ALK",""
"ENST00000275493.2:c.2170G>A,NC_000007.13:g.55241722G>A,NM_005228.4:c.2170G>A,NP_005219.2:p.Gly724Ser","EGFR",""
"ENST00000215832.6:c.964G>A,NC_000002.11:g.22127164C>T,NP_002736.3:p.Glu322Lys,NM_002745.4:c.964G>A","MAPK1","MAPK1~c.964G>A"
"ENST00000256078.4:c.437C>T,NC_000012.11:g.25378561G>A,NP_004976.2:p.Ala146Val,NM_004985.4:c.437C>T","KRAS","KRAS~c.437C>T"
"NC_000011.9:g.9599943A>G,ENST00000450114.2:c.1141+1133A>G","WEE1","WEE1~c.1141+1133A>G"
"NC_000014.8:g.65453063G>C","FNTB",""
"NC_000010.10:g.131265545C>T","MGMT",""
"ENST00000356142.4:c.85C>T,NC_000007.13:g.6426892C>T","RAC1",""
"NM_000903.2:c.559C>T,NP_000894.1:p.Pro187Ser,NC_000016.9:g.69745145G>A","NQO1",""
"NM_001005862.2:c.2224_2235dupTACGTGATGGCT,ENST00000269571.5:c.2314_2325dupTACGTGATGGCT,NC_000017.10:g.37880985_37880996dupTACGTGATGGCT,NC_000017.10:g.37880993_37880994insGCTTACGTGATG","ERBB2",""
"ENST00000275493.2:c.2389T>A,NC_000007.13:g.55249091T>A,NM_005228.4:c.2389T>A,NP_005219.2:p.Cys797Ser","EGFR",""
"NM_001282386.1:c.395G>A,NP_005887.2:p.Arg132His,NC_000002.11:g.209113112C>T,ENST00000415913.1:c.395G>A","IDH1","IDH1~c.395G>A"
"NC_000003.11:g.38182641T>C","MYD88",""
"NM_004985.4:c.35G>T,NP_004976.2:p.Gly12Val,NC_000012.11:g.25398284C>A,ENST00000256078.4:c.35G>T","KRAS","KRAS~c.35G>T"
"NM_002524.4:c.181C>A,NP_002515.1:p.Gln61Lys,NC_000001.10:g.115256530G>T,ENST00000369535.4:c.181C>A","NRAS","NRAS~c.181C>A"
"ENST00000275493.2:c.1393G>A,NC_000007.13:g.55227926G>A","EGFR",""
"NC_000021.8:g.40191638A>G","ETS2",""
"ENST00000275493.2:c.1476C>A,NC_000007.13:g.55228009C>A,NP_005219.2:p.Ser492Arg,NM_005228.4:c.1476C>A","EGFR","EGFR~c.1476C>A"
"ENST00000275493.2:c.1351C>T,NC_000007.13:g.55227884C>T,NM_001346898.1:c.1351C>T,NP_001333827.1:p.Arg451Cys","EGFR",""
"ENST00000275493.2:c.1400A>C,NC_000007.13:g.55227933A>C","EGFR",""
"NC_000001.10:g.161514542A>C","FCGR3A",""
"ENST00000275493.2:c.2257C>T,NC_000007.13:g.55242487C>T,NM_005228.4:c.2257C>T,NP_005219.2:p.Pro753Ser","EGFR",""
"NC_000015.9:g.74315213C>T","PML",""
"NC_000015.9:g.74315219T>C","PML",""
"NC_000006.11:g.117638347C>T","ROS1",""
"NM_002253.2:c.3193G>A,NP_002244.1:p.Ala1065Thr,ENST00000263923.4:c.3193G>A,NC_000004.11:g.55955969C>T","KDR",""
"ENST00000263923.4:c.2150A>T,NC_000004.11:g.55968180T>A","KDR",""
"NM_000548.4:c.3532C>T,NP_000539.2:p.Gln1178Ter,ENST00000219476.3:c.3532C>T,NC_000016.9:g.2130300C>T","TSC2",""
"ENST00000361445.4:c.6324C>A,NC_000001.10:g.11187094G>T","MTOR",""
"ENST00000256078.4:c.64C>T,NC_000012.11:g.25398255G>A,NM_004985.4:c.64C>T,NP_004976.2:p.Gln22Ter","KRAS",""
"NM_000222.2:c.2586G>C,NP_000213.1:p.Leu862=,ENST00000288135.5:c.2586G>C,NC_000004.11:g.55602765G>C","KIT",""
"ENST00000269571.5:c.2596C>A,NC_000017.10:g.37881404C>A","ERBB2",""
"ENST00000269571.5:c.929C>T,NC_000017.10:g.37868208C>T","ERBB2",""
"NM_002253.2:c.2881C>T,NP_002244.1:p.Arg961Trp,ENST00000263923.4:c.2881C>T,NC_000004.11:g.55961059G>A","KDR",""
"NM_000546.5:c.139C>T,NP_000537.3:p.Pro47Ser,NC_000017.10:g.7579548G>A","TP53",""
"NM_000535.6:c.2117delA,NP_000526.2:p.Lys706Serfs,NC_000007.13:g.6022512del","PMS2",""
"NM_023110.2:c.1638C>A,NP_075598.2:p.Asn546Lys,ENST00000341462.5:c.1638C>A,NC_000008.10:g.38274849G>T","FGFR1",""
"NC_000006.11:g.117638365G>T,ENST00000368508.3:c.6076C>A","ROS1","ROS1~c.6076C>A"
"NC_000006.11:g.117630062A>G","ROS1",""
"NC_000006.11:g.117631376C>G","ROS1",""
"ENST00000288602.6:c.1453_1470del","BRAF","BRAF~c.1453_1470del"
"ENST00000389048.3:c.3512T>C,NC_000002.11:g.29445213A>G","ALK",""
"ENST00000389048.3:c.3538G>C,NC_000002.11:g.29443679C>G,NC_000002.11:G.29443679C>G","ALK",""
"NM_004985.4:c.34G>C,NP_004976.2:p.Gly12Arg,NC_000012.11:g.25398285C>G,ENST00000256078.4:c.34G>C","KRAS","KRAS~c.34G>C"
"NM_004119.2:c.680C>T,NP_004110.2:p.Thr227Met,NC_000013.10:g.28624294G>A","FLT3",""
"ENST00000361445.4:c.6644C>A,NC_000001.10:g.11184573G>T,NM_004958.3:c.6644C>A,NP_004949.1:p.Ser2215Tyr","MTOR",""
"ENST00000361445.4:c.4448G>A,NC_000001.10:g.11217230C>T,NM_004958.3:c.4448G>A,NP_004949.1:p.Cys1483Tyr","MTOR",""
"NM_004958.3:c.5395G>A,NP_004949.1:p.Glu1799Lys,NC_000001.10:g.11190804C>T,ENST00000361445.4:c.5395G>A","MTOR","MTOR~c.5395G>A"
"NM_022970.3:c.1650T>A,NP_075259.4:p.Asn550Lys,ENST00000457416.2:c.1650T>A,NC_000010.10:g.123258034A>T","FGFR2",""
"NM_014330.3:c.752G>C,NP_055145.3:p.Arg251Pro,ENST00000200453.5:c.752G>C,NC_000019.9:g.49377242G>C","PPP1R15A",""
"NM_004304.4:c.3734T>G,NP_004295.2:p.Phe1245Cys,NC_000002.11:g.29436859A>C,ENST00000389048.3:c.3734T>G","ALK","ALK~c.3734T>G"
"NM_000075.3:c.70C>T,NP_000066.1:p.Arg24Cys,ENST00000257904.6:c.70C>T,NC_000012.11:g.58145431G>A","CDK4",""
"ENST00000275493.2:c.2303G>T,NC_000007.13:g.55249005G>T,NM_005228.4:c.2303G>T,NP_005219.2:p.Ser768Ile","EGFR",""
"ENST00000288602.6:c.1798_1799delinsAA,NC_000007.13:g.140453136_140453137delinsTT,NM_004333.4:c.1798_1799delGTinsAA,NP_004324.2:p.Val600Lys","BRAF",""
"NM_012433.3:c.2098A>G,NP_036565.2:p.Lys700Glu,ENST00000335508.6:c.2098A>G,NC_000002.11:g.198266834T>C","SF3B1",""
"NC_000004.11:g.55144547C>T,ENST00000257290.5:c.2021C>T,NM_006206.5:c.2021C>T,NP_006197.1:p.Thr674Ile","PDGFRA",""
"ENST00000288602.6:c.1781A>C,NC_000007.13:g.140453154T>G,NM_004333.4:c.1781A>C,NP_004324.2:p.Asp594Ala","BRAF",""
"NM_004333.4:c.1781A>T,NP_004324.2:p.Asp594Val,NC_000007.13:g.140453154T>A,ENST00000288602.6:c.1781A>T","BRAF","BRAF~c.1781A>T"
"NC_000007.13:g.140477859_140477860delinsCA,ENST00000288602.6:c.1448_1449delinsTG","BRAF","BRAF~c.1448_1449delinsTG"
"NC_000007.13:g.140453145_140453146delinsGA,NM_004333.4:c.1789_1790delCTinsTC,NP_004324.2:p.Leu597Ser,ENST00000288602.6:c.1789_1790delCTinsTC","BRAF","BRAF~c.1789_1790delCTinsTC"
"NM_004333.4:c.1790T>A,NP_004324.2:p.Leu597Gln,NC_000007.13:g.140453145A>T,ENST00000288602.6:c.1790T>A","BRAF","BRAF~c.1790T>A"
"NM_004333.4:c.1801A>G,NP_004324.2:p.Lys601Glu,NC_000007.13:g.140453134T>C,ENST00000288602.6:c.1801A>G","BRAF","BRAF~c.1801A>G"
"NM_004333.4:c.1789C>G,NP_004324.2:p.Leu597Val,NC_000007.13:g.140453146G>C,ENST00000288602.6:c.1789C>G","BRAF","BRAF~c.1789C>G"
"ENST00000389048.3:c.3512T>A,NC_000002.11:g.29445213A>T,NM_004304.4:c.3512T>A,NP_004295.2:p.Ile1171Asn","ALK",""
"ENST00000389048.3:c.3512T>G,NC_000002.11:g.29445213A>C","ALK",""
"NC_000009.11:g.80409488T>G,NM_002072.4:c.626A>C,NP_002063.2:p.Gln209Pro,ENST00000286548.4:c.626A>C","GNAQ","GNAQ~c.626A>C"
"ENST00000371953.3:c.950_953delTACT,NC_000010.10:g.89720799_89720802del","PTEN",""
"ENST00000361445.4:c.6981G>T,NC_000001.10:g.11177096C>A","MTOR",""
"ENST00000361445.4:c.6101C>T,NC_000001.10:g.11187796G>A","MTOR",""
"NM_004333.4:c.1781A>G,NP_004324.2:p.Asp594Gly,NC_000007.13:g.140453154T>C,ENST00000288602.6:c.1781A>G","BRAF","BRAF~c.1781A>G"
"NM_004119.2:c.2503G>C,NP_004110.2:p.Asp835His,ENST00000241453.7:c.2503G>C,NC_000013.10:g.28592642C>G","FLT3",""
"NM_004119.2:c.2503G>C,NP_004110.2:p.Asp835His,NM_004119.2:c.2503G>T,NP_004110.2:p.Asp835Tyr,ENST00000241453.7:c.2503G>C,ENST00000241453.7:c.2503G>T","FLT3","FLT3~c.2503G>T"
"NC_000001.10:g.65321333G>A,ENST00000342505.4:c.1507C>T","JAK1","JAK1~c.1507C>T"
"NC_000009.11:g.5070053_5070054insG","JAK2",""
"ENST00000558401.1:c.42_45delTCTT,NC_000015.9:g.45003786_45003789del","B2M",""
"ENST00000307102.5:c.362G>C,NC_000015.9:g.66729154G>C,NM_002755.3:c.362G>C,NP_002746.1:p.Cys121Ser","MAP2K1",""
"NC_000004.11:g.1803568C>G","FGFR3",""
"NM_000551.3:c.598C>T,NP_000542.1:p.Arg200Trp,ENST00000256474.2:c.598C>T,NC_000003.11:g.10191605C>T","VHL",""
"NM_000455.4:c.582C>A,NP_000446.1:p.Asp194Glu,ENST00000326873.7:c.582C>A,NC_000019.9:g.1220489C>A","STK11",""
"NM_000314.6:c.388C>T,NP_000305.3:p.Arg130Ter,ENST00000371953.3:c.388C>T,NC_000010.10:g.89692904C>T","PTEN",""
"ENST00000267163.4:c.2083_2084insA,NC_000013.10:g.49033946_49033947insA","RB1",""
"NM_001127500.2:c.3736G>A,NP_001120972.1:p.Asp1246Asn,NC_000007.13:g.116423407G>A,ENST00000397752.3:c.3682G>A","MET","MET~c.3682G>A"
"ENST00000307102.5:c.165_179del,NC_000015.9:g.66727449_66727463del","MAP2K1",""
"ENST00000288602.6:c.1514T>A,NC_000007.13:g.140477794A>T,NM_004333.4:c.1514T>A,NP_004324.2:p.Leu505His","BRAF",""
"NC_000001.10:g.8073509C>A","ERRFI1",""
"ENST00000440973.1:c.1387T>C,NC_000006.11:g.152415537T>C","ESR1",""
"NM_004333.4:c.1786G>T,NP_004324.2:p.Gly596Cys,NC_000007.13:g.140453149C>A,ENST00000288602.6:c.1786G>T","BRAF","BRAF~c.1786G>T"
"NC_000012.11:g.56478854G>A","ERBB3",""
"NC_000012.11:g.56478851C>G","ERBB3",""
"NC_000012.11:g.56481922G>A","ERBB3",""
"ENST00000275493.2:c.2281G>T,NM_005228.4:c.2281G>T,NP_005219.2:p.Asp761Tyr,NC_000007.13:g.55242511G>T","EGFR",""
"ENST00000275493.2:c.2270A>G,NC_000007.13:g.55242500A>G","EGFR",""
"ENST00000275493.2:c.2237A>G,NC_000007.13:g.55242467A>G","EGFR",""
"NC_000002.11:g.234668881_234668882TA[7]","UGT1A1",""
"NM_005228.4:c.2300_2308dupCCAGCGTGG","EGFR","EGFR~c.2300_2308dupCCAGCGTGG"
"NC_000001.10:g.97915614C>T,NM_000110.3:c.1905+1G>A,ENST00000370192.3:c.1905+1G>A","DPYD","DPYD~c.1905+1G>A"
"NM_000110.3:c.1679T>G,NP_000101.2:p.Ile560Ser,ENST00000370192.3:c.1679T>G,NC_000001.10:g.97981343A>C","DPYD",""
"NC_000012.11:g.21331549T>C","SLCO1B1",""
"NC_000012.11:g.21329738A>G","SLCO1B1",""
"NC_000012.11:g.56491672T>C","ERBB3",""
"NM_002839.3:c.757G>A,NP_002830.1:p.Val253Ile,NC_000009.11:g.8521481C>T","PTPRD",""
"ENST00000397752.3:c.3683A>T,NC_000007.13:g.116423408A>T","MET",""
"NC_000015.9:g.88476265C>T,ENST00000394480.2:c.1867G>A","NTRK3","NTRK3~c.1867G>A"
"ENST00000269571.5:c.2326_2327delinsCT","ERBB2","ERBB2~c.2326_2327delinsCT"
"NM_004448.3:c.2332_2340dupGGCTCCCCA","ERBB2","ERBB2~c.2332_2340dupGGCTCCCCA"
"ENST00000342505.4:c.2108G>T,NC_000001.10:g.65311203C>A","JAK1",""
"NM_000516.5:c.601C>T,NP_000507.1:p.Arg201Cys,NC_000020.10:g.57484420C>T,ENST00000371085.3:c.601C>T","GNAS","GNAS~c.601C>T"
"NM_006206.4:c.1729C>T,NP_006197.1:p.Pro577Ser,NC_000004.11:g.55141083C>T,ENST00000257290.5:c.1729C>T","PDGFRA","PDGFRA~c.1729C>T"
"NM_006206.4:c.2522G>A,NP_006197.1:p.Arg841Lys,NC_000004.11:g.55152090G>A,ENST00000257290.5:c.2522G>A","PDGFRA","PDGFRA~c.2522G>A"
"NM_006206.4:c.2533C>T,NP_006197.1:p.His845Tyr,NC_000004.11:g.55152101C>T,ENST00000257290.5:c.2533C>T","PDGFRA","PDGFRA~c.2533C>T"
"NM_006206.4:c.2558G>A,NP_006197.1:p.Gly853Asp,NC_000004.11:g.55152126G>A,ENST00000257290.5:c.2558G>A","PDGFRA","PDGFRA~c.2558G>A"
"ENST00000308731.7:c.946T>C,NM_000061.2:c.946T>C,NC_000023.10:g.100613633T>C","BTK",""
"ENST00000269571.5:c.2584A>G,NC_000017.10:g.37881392A>G","ERBB2",""
"ENST00000269571.5:c.2318T>C,NC_000017.10:g.37880989T>C","ERBB2",""
"NC_000017.10:g.37881378A>G,NP_004439.2:p.Asn857Ser,NM_004448.3:c.2570A>G,ENST00000269571.5:c.2570A>G","ERBB2","ERBB2~c.2570A>G"
"ENST00000269571.5:c.2632C>T,NC_000017.10:g.37881440C>T","ERBB2",""
"NM_002524.4:c.35G>A,NP_002515.1:p.Gly12Asp,NC_000001.10:g.115258747C>T,ENST00000369535.4:c.35G>A","NRAS","NRAS~c.35G>A"
"NM_001282386.1:c.395G>T,NP_001269315.1:p.Arg132Leu,NC_000002.11:g.209113112C>A,ENST00000415913.1:c.395G>T","IDH1","IDH1~c.395G>T"
"NM_006218.3:c.1634A>G,NP_006209.2:p.Glu545Gly,NC_000003.11:g.178936092A>G,ENST00000263967.3:c.1634A>G","PIK3CA","PIK3CA~c.1634A>G"
"NM_005157.5:c.1075T>G,NP_005148.2:p.Phe359Val,NC_000009.11:g.133748414T>G,ENST00000318560.5:c.1075T>G","ABL1","ABL1~c.1075T>G"
"NM_004985.4:c.436G>C,NP_004976.2:p.Ala146Pro,NC_000012.11:g.25378562C>G,ENST00000256078.4:c.436G>C","KRAS","KRAS~c.436G>C"
"NM_004985.4:c.436G>A,NP_004976.2:p.Ala146Thr,NC_000012.11:g.25378562C>T,ENST00000256078.4:c.436G>A","KRAS","KRAS~c.436G>A"
"NM_004985.4:c.183A>C,NP_004976.2:p.Gln61His,NC_000012.11:g.25380275T>G,ENST00000256078.4:c.183A>C","KRAS","KRAS~c.183A>C"
"NM_004985.4:c.34G>A,NP_004976.2:p.Gly12Ser,NC_000012.11:g.25398285C>T,ENST00000256078.4:c.34G>A","KRAS","KRAS~c.34G>A"
"NM_000546.5:c.818G>T,NP_000537.3:p.Arg273Leu,NC_000017.10:g.7577120C>A,ENST00000269305.4:c.818G>T","TP53","TP53~c.818G>T"
"NM_000546.5:c.659A>G,NP_000537.3:p.Tyr220Cys,NC_000017.10:g.7578190T>C,ENST00000269305.4:c.659A>G","TP53","TP53~c.659A>G"
"NM_001282386.1:c.394C>A,NP_001269315.1:p.Arg132Ser,NC_000002.11:g.209113113G>T,ENST00000415913.1:c.394C>A","IDH1","IDH1~c.394C>A"
"NM_006206.5:c.1682T>A,NP_006197.1:p.Val561Asp,NC_000004.11:g.55141036T>A,ENST00000257290.5:c.1682T>A","PDGFRA","PDGFRA~c.1682T>A"
"NM_000222.2:c.2446G>C,NP_000213.1:p.Asp816His,NC_000004.11:g.55599320G>C,ENST00000288135.5:c.2446G>C","KIT","KIT~c.2446G>C"
"NM_000222.2:c.2458G>T,NP_000213.1:p.Asp820Tyr,NC_000004.11:g.55599332G>T,ENST00000288135.5:c.2458G>T","KIT","KIT~c.2458G>T"
"NM_000222.2:c.2467T>G,NP_000213.1:p.Tyr823Asp,NC_000004.11:g.55599341T>G,ENST00000288135.5:c.2467T>G","KIT","KIT~c.2467T>G"
"NM_004333.4:c.1406G>C,NP_004324.2:p.Gly469Ala,NC_000007.13:g.140481402C>G,ENST00000288602.6:c.1406G>C","BRAF","BRAF~c.1406G>C"
"NM_005228.4:c.866C>T,NP_005219.2:p.Ala289Val,NC_000007.13:g.55221822C>T,ENST00000275493.2:c.866C>T","EGFR","EGFR~c.866C>T"
"NM_005228.4:c.2156G>C,NP_005219.2:p.Gly719Ala,NC_000007.13:g.55241708G>C,ENST00000275493.2:c.2156G>C","EGFR","EGFR~c.2156G>C"
"ENST00000275493.2:c.2492G>A,NC_000007.13:g.55259434G>A","EGFR",""
"NM_005157.5:c.730A>G,NP_005148.2:p.Met244Val,NC_000009.11:g.133738330A>G,ENST00000318560.5:c.730A>G","ABL1","ABL1~c.730A>G"
"NM_005157.5:c.742C>G,NP_005148.2:p.Leu248Val,NC_000009.11:g.133738342C>G,ENST00000318560.5:c.742C>G","ABL1","ABL1~c.742C>G"
"NM_005157.5:c.749G>A,NP_005148.2:p.Gly250Glu,NC_000009.11:g.133738349G>A,ENST00000318560.5:c.749G>A","ABL1","ABL1~c.749G>A"
"NM_005157.5:c.756G>C,NP_005148.2:p.Gln252His,NC_000009.11:g.133738356G>C,ENST00000318560.5:c.756G>C","ABL1","ABL1~c.756G>C"
"NM_005157.5:c.757T>C,NP_005148.2:p.Tyr253His,NC_000009.11:g.133738357T>C,ENST00000318560.5:c.757T>C","ABL1","ABL1~c.757T>C"
"ENST00000318560.5:c.758A>T,NM_005157.5:c.758A>T,NP_005148.2:p.Tyr253Phe,NC_000009.11:g.133738358A>T","ABL1",""
"ENST00000318560.5:c.827A>G,NP_005148.2:p.Asp276Gly,NM_005157.5:c.827A>G,NC_000009.11:g.133747520A>G","ABL1",""
"NM_005157.5:c.1052T>C,NP_005148.2:p.Met351Thr,NC_000009.11:g.133748391T>C,ENST00000318560.5:c.1052T>C","ABL1","ABL1~c.1052T>C"
"NM_005157.5:c.1076T>G,NP_005148.2:p.Phe359Cys,NC_000009.11:g.133748415T>G,ENST00000318560.5:c.1076T>G","ABL1","ABL1~c.1076T>G"
"ENST00000275493.2:c.2590G>A","EGFR","EGFR~c.2590G>A"
"NM_001206729.1:c.49G>A,NP_001193658.1:p.Glu17Lys,NC_000001.10:g.243859016C>T,ENST00000366539.1:c.49G>A","AKT3","AKT3~c.49G>A"
"ENST00000318560.5:c.1150C>A,NC_000009.11:g.133750319C>A,NM_005157.5:c.1150C>A,NP_005148.2:p.Leu384Met","ABL1",""
"NM_005157.5:c.895G>C,NP_005148.2:p.Val299Leu,NC_000009.11:g.133747588G>C,ENST00000318560.5:c.895G>C","ABL1","ABL1~c.895G>C"
"ENST00000318560.5:c.1161G>C,NC_000009.11:g.133750330G>C,NM_005157.5:c.1161G>C,NP_005148.2:p.Leu387Phe","ABL1",""
"ENST00000318560.5:c.1192G>C,NC_000009.11:g.133750361G>C,NM_005157.5:c.1192G>C,NP_005148.2:p.Gly398Arg","ABL1",""
"NM_007294.3:c.1A>G,NP_009225.1:p.Met1Val,NC_000017.10:g.41276113T>C,ENST00000471181.2:c.1A>G","BRCA1","BRCA1~c.1A>G"
"NM_007294.3:c.3G>T,NP_009225.1:p.Met1Ile,NC_000017.10:g.41276111C>A,ENST00000471181.2:c.3G>T","BRCA1","BRCA1~c.3G>T"
"NM_007294.3:c.181T>G,NP_009225.1:p.Cys61Gly,NC_000017.10:g.41258504A>C,ENST00000471181.2:c.181T>G","BRCA1","BRCA1~c.181T>G"
"NM_007294.3:c.191G>A,NP_009225.1:p.Cys64Tyr,NC_000017.10:g.41258494C>T,ENST00000471181.2:c.191G>A","BRCA1","BRCA1~c.191G>A"
"NM_007294.3:c.211A>G,NP_009225.1:p.Arg71Gly,NC_000017.10:g.41258474T>C,ENST00000471181.2:c.211A>G","BRCA1","BRCA1~c.211A>G"
"NM_007294.3:c.212G>A,NP_009225.1:p.Arg71Lys,NC_000017.10:g.41258473C>T,ENST00000471181.2:c.212G>A","BRCA1","BRCA1~c.212G>A"
"ENST00000357654.3:c.4484G>T,NM_007294.3:c.4484G>T,NP_009225.1:p.Arg1495Met,NC_000017.10:g.41228505C>A","BRCA1",""
"NM_007294.3:c.4675G>A,NP_009225.1:p.Glu1559Lys,NC_000017.10:g.41226348C>T,ENST00000357654.3:c.4675G>A","BRCA1","BRCA1~c.4675G>A"
"NM_007294.3:c.5074G>A,NP_009225.1:p.Asp1692Asn,NC_000017.10:g.41219625C>T,ENST00000357654.3:c.5074G>A","BRCA1","BRCA1~c.5074G>A"
"NM_007294.3:c.4327C>T,NP_009225.1:p.Arg1443Ter,NC_000017.10:g.41234451G>A,ENST00000471181.2:c.4327C>T","BRCA1","BRCA1~c.4327C>T"
"NM_007294.3:c.4399C>T,NP_009225.1:p.Gln1467Ter,NC_000017.10:g.41228590G>A,ENST00000357654.3:c.4399C>T","BRCA1","BRCA1~c.4399C>T"
"NM_000059.3:c.2T>G,NC_000013.10:g.32890599T>G,NP_000050.2:p.Met1Arg,ENST00000544455.1:c.2T>G","BRCA2","BRCA2~c.2T>G"
"NC_000013.10:g.32890600G>T,NM_000059.3:c.3G>T,NP_000050.2:p.Met1Ile,ENST00000544455.1:c.3G>T","BRCA2","BRCA2~c.3G>T"
"ENST00000544455.1:c.475G>A,NM_000059.3:c.475G>A,NP_000050.2:p.Val159Met,NC_000013.10:g.32900287G>A","BRCA2",""
"NC_000013.10:g.32900751G>C","BRCA2",""
"NC_000013.10:g.32900751G>A","BRCA2",""
"NM_000059.3:c.7007G>C,NP_000050.2:p.Arg2336Pro,NC_000013.10:g.32921033G>C,ENST00000544455.1:c.7007G>C","BRCA2","BRCA2~c.7007G>C"
"NM_000059.3:c.7007G>A,NP_000050.2:p.Arg2336His,ENST00000544455.1:c.7007G>A,NC_000013.10:g.32921033G>A","BRCA2",""
"NM_000222.2:c.2466T>A,NP_000213.1:p.Asn822Lys,NC_000004.11:g.55599340T>A,ENST00000288135.5:c.2466T>A","KIT","KIT~c.2466T>A"
"ENST00000288135.5:c.2425T>G,NC_000004.11:g.55599299T>G","KIT",""
"ENST00000288135.5:c.2459A>C,NC_000004.11:g.55599333A>C","KIT",""
"NM_000222.2:c.2459A>G,NP_000213.1:p.Asp820Gly,NC_000004.11:g.55599333A>G,ENST00000288135.5:c.2459A>G","KIT","KIT~c.2459A>G"
"NM_000222.2:c.2009C>T,NP_000213.1:p.Thr670Ile,NC_000004.11:g.55595519C>T,ENST00000288135.5:c.2009C>T","KIT","KIT~c.2009C>T"
"NC_000006.11:g.117638347C>T,NM_002944.2:c.6094G>A,NP_002935.2:p.Gly2032Arg,ENST00000368508.3:c.6094G>A","ROS1","ROS1~c.6094G>A"
"NM_002755.3:c.171G>T,NP_002746.1:p.Lys57Asn,NC_000015.9:g.66727455G>T,ENST00000307102.5:c.171G>T,NG_008305.1:g.53245G>T","MAP2K1",""
"NM_001904.3:c.134C>T,NP_001895.1:p.Ser45Phe,NC_000003.11:g.41266137C>T,ENST00000349496.5:c.134C>T","CTNNB1","CTNNB1~c.134C>T"
"ENST00000241453.7:c.2504A>T,NM_004119.2:c.2504A>T,NP_004110.2:p.Asp835Val,NC_000013.10:g.28592641T>A","FLT3",""
"NM_005157.5:c.1064A>G,NP_005148.2:p.Glu355Gly,NC_000009.11:g.133748403A>G,ENST00000318560.5:c.1064A>G","ABL1","ABL1~c.1064A>G"
"ENST00000318560.5:c.1135G>A,NC_000009.11:g.133750304G>A,NM_005157.5:c.1135G>A,NP_005148.2:p.Val379Ile","ABL1",""
"ENST00000318560.5:c.1189G>C,NC_000009.11:g.133750358G>C,NM_005157.5:c.1189G>C,NP_005148.2:p.Ala397Pro","ABL1",""
"ENST00000318560.5:c.1375G>A","ABL1","ABL1~c.1375G>A"
