mutID,cosmic_ID,variantID
chr2:29445458:G:T,COSV66569704,ALK_chr2_29445458_G~T
chr3:178936092:A:C,COSV55873209,PIK3CA_chr3_178936092_A~C
chr12:25398276:C:T,COSV55865319,KRAS_chr12_25398276_C~T
chr7:55242465:GGAATTAAGAGAAGC:-,COSV51765119,EGFR_chr7_55242465_GGAATTAAGAGAAGC~-
chr7:55249063:G:A,COSV51769407,EGFR_chr7_55249063_G~A
chr7:55249071:C:T,COSV51765492,EGFR_chr7_55249071_C~T
chr17:7577548:C:T,COSV52661877,TP53_chr17_7577548_C~T
chr17:7577581:A:G,COSV52694920,TP53_chr17_7577581_A~G
chr17:7577121:G:C,COSV52670856,TP53_chr17_7577121_G~C
chr3:178936091:G:A,COSV55873239,PIK3CA_chr3_178936091_G~A
chr5:112175770:G:A,COSV57321403,APC_chr5_112175770_G~A
chr7:55259515:T:G,COSV51765161,EGFR_chr7_55259515_T~G
chr10:43613843:G:T,COSV60687116,RET_chr10_43613843_G~T
chr11:69462910:G:A,COSV57118864,CCND1_chr11_69462910_G~A
chr7:55249029:G:A,COSV51780730,EGFR_chr7_55249029_G~A
chr17:7578235:T:C,COSV52665440,TP53_chr17_7578235_T~C
chr12:58145156:C:T,COSV56985436,CDK4_chr12_58145156_C~T
chr12:4388084:C:G,COSV54221448,CCND2_chr12_4388084_C~G
chr2:29432682:C:G,COSV66557991,ALK_chr2_29432682_C~G
chr7:55242466:GAATTAAGAGAAGCA:-,COSV51765066,EGFR_chr7_55242466_GAATTAAGAGAAGCA~-
chr17:7578263:G:A,COSV52663748,TP53_chr17_7578263_G~A
chr17:7579413:G:C,COSV53339664,TP53_chr17_7579413_G~C
chr1:115258744:C:T,COSV54736416,NRAS_chr1_115258744_C~T
chr17:7577094:G:C,COSV52701296,TP53_chr17_7577094_G~C
chr1:156846364:G:A,COSV62325513,NTRK1_chr1_156846364_G~A
chr4:55139771:T:C,COSV57266881,PDGFRA_chr4_55139771_T~C
chr4:55593481:A:G,COSV55391099,KIT_chr4_55593481_A~G
chr6:41904988:C:T,COSV57828472,CCND3_chr6_41904988_C~T
chr12:58144665:C:T,COSV56983640,CDK4_chr12_58144665_C~T
chr17:37879588:A:G,COSV54062262,ERBB2_chr17_37879588_A~G
chr2:29443613:C:T,COSV66555808,ALK_chr2_29443613_C~T
chr4:55133726:T:G,COSV57264201,PDGFRA_chr4_55133726_T~G
chr7:140453133:T:G,COSV56070869,BRAF_chr7_140453133_T~G
chr17:7578402:-:T,COSV99037144,TP53_chr17_7578402_-~T
chr17:7578403:C:T,COSV52660760,TP53_chr17_7578403_C~T
chr18:48604701:G:T,COSV61691192,SMAD4_chr18_48604701_G~T
chr7:55242466:GAATTAAGAGAAGCAAC:AT,COSV51826329,EGFR_chr7_55242466_GAATTAAGAGAAGCAAC~AT
chr7:55242482:C:T,COSV51773111,EGFR_chr7_55242482_C~T
chr17:7578503:C:T,COSV52665025,TP53_chr17_7578503_C~T
chr17:7579521:C:A,COSV52883452,TP53_chr17_7579521_C~A
chr17:7578210:T:C,COSV52679610,TP53_chr17_7578210_T~C
chr4:55593464:A:C,COSV55388500,KIT_chr4_55593464_A~C
chr17:7576911:G:C,COSV53067624,TP53_chr17_7576911_G~C
chr2:29445425:G:A,COSV66561745,ALK_chr2_29445425_G~A
chr17:7578417:C:A,COSV53017045,TP53_chr17_7578417_C~A
chr7:55259450:C:T,COSV51803130,EGFR_chr7_55259450_C~T
chr17:7577094:G:A,COSV52662048,TP53_chr17_7577094_G~A
chr6:117639419:T:C,COSV63853023,ROS1_chr6_117639419_T~C
chr4:1806131:T:C,COSV53398672,FGFR3_chr4_1806131_T~C
chr11:534286:C:G,COSV54236651,HRAS_chr11_534286_C~G
chr12:25398284:C:A,COSV55497419,KRAS_chr12_25398284_C~A
chr1:162729613:C:T,COSV63371417,DDR2_chr1_162729613_C~T
chr7:116411990:C:T,COSV59256560,MET_chr7_116411990_C~T
chr17:7573897:T:A,COSV53152345,TP53_chr17_7573897_T~A
chr17:7577574:T:C,COSV52662150,TP53_chr17_7577574_T~C
chr7:55242469:TTAAGAGAAG:C,COSV51765099,EGFR_chr7_55242469_TTAAGAGAAG~C
chr17:7578212:G:A,COSV52665560,TP53_chr17_7578212_G~A
chr6:117622111:A:G,COSV63855914,ROS1_chr6_117622111_A~G
chr7:55241707:G:T,COSV51766606,EGFR_chr7_55241707_G~T
chr7:55249005:G:T,COSV51768106,EGFR_chr7_55249005_G~T
chr17:7577569:A:C,COSV52711932,TP53_chr17_7577569_A~C
chr17:7577120:C:T,COSV52660980,TP53_chr17_7577120_C~T
chr17:7577573:G:-,COSV53864205,TP53_chr17_7577573_G~-
chr17:7578245:G:A,COSV52891929,TP53_chr17_7578245_G~A
chr9:80409489:G:T,COSV54126744,GNAQ_chr9_80409489_G~T
chr17:7577538:C:T,COSV52661580,TP53_chr17_7577538_C~T
chr19:4117561:C:T,COSV53562407,MAP2K2_chr19_4117561_C~T
chr19:4117528:G:A,COSV53562298,MAP2K2_chr19_4117528_G~A
chr17:7578190:T:C,COSV52661282,TP53_chr17_7578190_T~C
chr10:43614947:G:A,COSV60690580,RET_chr10_43614947_G~A
chr4:55602668:G:T,COSV55423547,KIT_chr4_55602668_G~T
chr5:112175635:CA:-,COSV57387326,APC_chr5_112175635_CA~-
chr11:69465860:A:G,COSV57119935,CCND1_chr11_69465860_A~G
chr17:7577591:G:T,COSV53715467,TP53_chr17_7577591_G~T
chr17:7578258:C:T,COSV52994800,TP53_chr17_7578258_C~T
chr17:7578457:C:T,COSV52680378,TP53_chr17_7578457_C~T
chr12:25380279:C:T,COSV55548621,KRAS_chr12_25380279_C~T
chr12:25398285:C:T,COSV55497461,KRAS_chr12_25398285_C~T
chr17:7577099:C:A,COSV52687987,TP53_chr17_7577099_C~A
chr7:55259434:G:A,COSV51801471,EGFR_chr7_55259434_G~A
chr5:112175647:A:-,COSV57374219,APC_chr5_112175647_A~-
chr17:7578206:T:C,COSV52675946,TP53_chr17_7578206_T~C
chr17:7577113:A:C,COSV52759232,TP53_chr17_7577113_A~C
chr17:7578406:C:T,COSV52661038,TP53_chr17_7578406_C~T
chr17:7577084:T:C,COSV53038615,TP53_chr17_7577084_T~C
chr17:7578470:C:T,COSV52728772,TP53_chr17_7578470_C~T
chr7:140453136:A:T,COSV56056643,BRAF_chr7_140453136_A~T
chr17:7577580:T:C,COSV52661201,TP53_chr17_7577580_T~C
chr17:7577108:C:A,COSV52693726,TP53_chr17_7577108_C~A
chr17:7577090:C:G,COSV52693421,TP53_chr17_7577090_C~G
chr17:7579315:G:T,COSV52944837,TP53_chr17_7579315_G~T
chr17:7577121:G:T,COSV52707054,TP53_chr17_7577121_G~T
chr17:7579579:C:T,COSV52756428,TP53_chr17_7579579_C~T
chrX:66941751:C:G,COSV65965193,AR_chrX_66941751_C~G
chr18:48591923:T:C,COSV61692346,SMAD4_chr18_48591923_T~C
chr17:7577534:C:A,COSV52661594,TP53_chr17_7577534_C~A
chr4:1808389:C:A,COSV53391437,FGFR3_chr4_1808389_C~A
chr7:140453155:C:A,COSV56184663,BRAF_chr7_140453155_C~A
chr17:7574018:G:T,COSV52718762,TP53_chr17_7574018_G~T
chr17:7577081:T:G,COSV53044704,TP53_chr17_7577081_T~G
chr17:7577141:C:A,COSV52666760,TP53_chr17_7577141_C~A
chr17:7578188:C:A,COSV52735606,TP53_chr17_7578188_C~A
chr17:7577579:G:T,COSV52783916,TP53_chr17_7577579_G~T
